{"psi_bins": 10, "baselines": {"ml_score": {"feature": "ml_score", "edges": [0.403, 0.428, 0.443, 0.46, 0.476, 0.488, 0.497, 0.547, 0.589], "expected_freq": [0.11764705882352941, 0.09803921568627451, 0.09803921568627451, 0.09803921568627451, 0.09803921568627451, 0.09803921568627451, 0.09803921568627451, 0.09803921568627451, 0.09803921568627451, 0.09803921568627451], "quantiles_5_95": [0.3875, 0.6505000000000001], "n_samples": 51}, "p_up_20d": {"feature": "p_up_20d", "edges": [0.403, 0.428, 0.443, 0.46, 0.476, 0.488, 0.497, 0.547, 0.589], "expected_freq": [0.11764705882352941, 0.09803921568627451, 0.09803921568627451, 0.09803921568627451, 0.09803921568627451, 0.09803921568627451, 0.09803921568627451, 0.09803921568627451, 0.09803921568627451, 0.09803921568627451], "quantiles_5_95": [0.3875, 0.6505000000000001], "n_samples": 51}}}